genome,completeness,contamination,strain_heterogeneity,length,N50,centrality
Unknown_BY606-001R0001_bin.1.fa,91.0,2.24,80.0,1805024,12770,0.98485475
Unknown_BY606-001R0001_bin.11.fa,95.95,1.43,66.67,2621624,58907,0.996258
Unknown_BY606-001R0001_bin.15.fa,96.55,0.86,0.0,2247641,97662,0.9954474999999999
Unknown_BY606-001R0001_bin.17.fa,94.03,0.0,0.0,1817114,12484,0.9916335999999999
Unknown_BY606-001R0001_bin.21.fa,93.52,2.95,33.33,2257663,10340,0.9869435
Unknown_BY606-001R0001_bin.28.fa,96.12,0.38,0.0,2662271,126101,0.9913145
Unknown_BY606-001R0001_bin.3.fa,93.2,2.37,25.0,2764152,23713,0.990775
Unknown_BY606-001R0001_bin.35.fa,83.81,0.74,66.67,1566008,39222,0.9959872399999999
Unknown_BY606-001R0001_bin.38.fa,95.69,1.44,66.67,1946978,15758,0.9962614999999999
Unknown_BY606-001R0001_bin.41.fa,98.4,0.8,0.0,2531016,50182,0.9989680588235295
Unknown_BY606-001R0001_bin.49.fa,95.81,1.62,0.0,1675528,30397,0.9690886666666666
Unknown_BY606-001R0001_bin.54.fa,97.13,1.72,0.0,2414774,70666,0.9936713333333334
Unknown_BY606-001R0001_bin.58.fa,91.29,1.69,50.0,919585,10568,0.984055
Unknown_BY606-001R0001_bin.60.fa,95.8,1.4,0.0,2504863,101702,0.997985
Unknown_BY606-001R0001_bin.67.fa,95.97,0.34,0.0,1885052,45543,0.9988712499999999
Unknown_BY606-001R0001_bin.68.fa,91.24,2.7,75.0,2307872,25956,0.99935296
Unknown_BY606-001R0003_bin.11.fa,95.13,1.79,42.86,3172910,47880,0.9638273333333333
Unknown_BY606-001R0003_bin.13.fa,82.52,0.0,0.0,1592419,6165,0.975802
Unknown_BY606-001R0003_bin.23.fa,96.32,2.57,0.0,2802501,95714,0.981513
Unknown_BY606-001R0003_bin.24.fa,95.48,1.77,52.94,2502396,21639,0.99296775
Unknown_BY606-001R0003_bin.25.fa,94.63,0.0,0.0,3089246,59467,0.980532
Unknown_BY606-001R0003_bin.30.fa,97.62,1.19,33.33,2089069,46673,0.9971136666666666
Unknown_BY606-001R0003_bin.31.fa,91.64,1.6,12.5,2891005,7355,0.0
Unknown_BY606-001R0003_bin.32.fa,99.63,0.98,50.0,1504297,23771,0.9946854
Unknown_BY606-001R0003_bin.48.fa,85.72,2.04,66.67,2180050,11253,0.9868574999999999
Unknown_BY606-001R0003_bin.49.fa,95.84,0.48,0.0,2011790,26904,0.0
Unknown_BY606-001R0003_bin.5.fa,93.18,0.37,0.0,2844842,38001,0.9924540000000001
Unknown_BY606-001R0003_bin.55.fa,95.2,3.09,15.38,2919454,10825,0.9760527272727274
Unknown_BY606-001R0003_bin.56.fa,98.03,2.4,42.86,1669314,12185,0.9745938333333332
Unknown_BY606-001R0003_bin.58.fa,88.49,4.26,9.09,2590198,6380,0.994941
Unknown_BY606-001R0003_bin.6.fa,96.03,0.67,100.0,1909901,75113,0.0
Unknown_BY606-001R0003_bin.60.fa,90.54,1.68,50.0,2105955,37095,0.99120325
Unknown_BY606-001R0003_bin.65.fa,94.38,1.12,0.0,1011985,18465,0.993371875
Unknown_BY606-001R0003_bin.8.fa,97.09,2.37,40.0,2085908,11518,0.9915495
Unknown_BY606-001R0003_bin.9.fa,94.52,1.9,0.0,1957935,18088,0.9963923199999999
Unknown_BY606-001R0004_bin.1.fa,92.13,2.3,33.33,1228615,8928,0.99346075
Unknown_BY606-001R0004_bin.12.fa,89.92,0.86,0.0,2077323,26998,0.99551025
Unknown_BY606-001R0004_bin.14.fa,91.42,0.44,50.0,2622359,48100,0.9934628181818184
Unknown_BY606-001R0004_bin.19.fa,93.32,3.11,41.67,3397882,16853,0.99237325
Unknown_BY606-001R0004_bin.21.fa,96.63,1.12,0.0,1987315,13979,0.9827092000000001
Unknown_BY606-001R0004_bin.23.fa,97.26,1.1,37.5,1570503,12875,0.0
Unknown_BY606-001R0004_bin.24.fa,96.3,0.71,0.0,2609747,36084,0.99650425
Unknown_BY606-001R0004_bin.25.fa,89.07,1.08,33.33,1775962,9154,0.98467575
Unknown_BY606-001R0004_bin.3.fa,96.15,0.96,0.0,2381593,142557,0.9993825599999999
Unknown_BY606-001R0004_bin.4.fa,98.0,0.0,0.0,2596679,116672,0.9990853529411765
Unknown_BY606-001R0004_bin.9.fa,89.63,1.9,12.5,2036483,29734,0.9925509199999999
Unknown_BY606-001R0006_bin.1.fa,93.97,3.61,11.11,1726786,18525,0.999568
Unknown_BY606-001R0006_bin.10.fa,82.71,3.8,42.86,2044474,6497,0.9519403333333333
Unknown_BY606-001R0006_bin.13.fa,87.91,2.93,25.0,834295,16818,0.9980567142857143
Unknown_BY606-001R0006_bin.15.fa,87.9,1.51,33.33,2750288,41742,0.9961271250000001
Unknown_BY606-001R0006_bin.16.fa,94.91,4.33,30.77,1814975,15333,0.982379
Unknown_BY606-001R0006_bin.20.fa,93.92,1.44,50.0,2219450,11755,0.97896625
Unknown_BY606-001R0006_bin.26.fa,97.35,0.31,50.0,3137946,77895,0.9862676666666667
Unknown_BY606-001R0006_bin.8.fa,90.76,2.37,50.0,2748080,8107,0.99378
Unknown_BY606-001R0008_bin.1.fa,81.7,0.0,0.0,3693120,7450,0.99490875
Unknown_BY606-001R0008_bin.12.fa,93.96,0.34,0.0,1861959,109375,0.99875425
Unknown_BY606-001R0008_bin.14.fa,94.88,2.48,42.86,2442157,15531,0.99870468
Unknown_BY606-001R0008_bin.2.fa,86.56,1.77,42.86,2546934,36861,0.9935705454545455
Unknown_BY606-001R0008_bin.4.fa,87.88,1.29,50.0,2060723,168568,0.9952877499999999
Unknown_BY606-001R0008_bin.6.fa,99.2,0.0,0.0,2744887,77103,0.9991193333333334
Unknown_BY606-001R0009_bin.12.fa,95.17,1.6,0.0,2399617,19720,0.9990767999999999
Unknown_BY606-001R0009_bin.18.fa,99.2,0.0,0.0,2574875,246643,0.9991414117647058
Unknown_BY606-001R0009_bin.19.fa,94.95,1.74,80.0,2745485,9704,0.99094025
Unknown_BY606-001R0009_bin.2.fa,97.41,3.45,25.0,2376330,75907,0.9938298333333333
Unknown_BY606-001R0009_bin.22.fa,92.62,1.11,33.33,1898370,34814,0.99198204
Unknown_BY606-001R0010_bin.16.fa,88.48,0.81,100.0,1906672,12753,0.0
Unknown_BY606-001R0010_bin.19.fa,88.9,2.71,71.43,1479935,5926,0.9706075
Unknown_BY606-001R0010_bin.22.fa,80.93,0.56,50.0,2366319,44370,0.0
Unknown_BY606-001R0010_bin.25.fa,83.89,0.0,0.0,1456718,20398,0.0
Unknown_BY606-001R0010_bin.27.fa,95.23,1.18,50.0,2919631,20765,0.9956406666666666
Unknown_BY606-001R0010_bin.28.fa,90.57,0.19,0.0,2559235,64084,0.9936891818181818
Unknown_BY606-001R0010_bin.30.fa,95.76,3.08,35.71,3601612,22598,0.9825945
Unknown_BY606-001R0010_bin.35.fa,95.3,1.01,50.0,1780670,40637,0.99917225
Unknown_BY606-001R0010_bin.39.fa,97.6,0.0,0.0,2551701,57700,0.9989458823529411
Unknown_BY606-001R0010_bin.4.fa,85.39,0.0,0.0,1450526,35550,0.9918099999999999
Unknown_BY606-001R0010_bin.52.fa,99.52,2.18,33.33,2672772,357454,0.99922128
Unknown_BY606-001R0010_bin.54.fa,91.21,0.0,0.0,1990482,28924,0.0
Unknown_BY606-001R0010_bin.55.fa,87.92,0.0,0.0,1892430,14508,0.9556456666666667
Unknown_BY606-001R0010_bin.57.fa,89.08,0.23,0.0,3888259,8494,0.994357
Unknown_BY606-001R0010_bin.59.fa,95.15,0.03,0.0,2913407,11481,0.9755830909090911
Unknown_BY606-001R0010_bin.9.fa,91.51,1.9,0.0,2033378,39853,0.99166072
Unknown_BY606-001R0011_bin.15.fa,90.49,4.99,46.15,3072112,83060,0.9922370909090908
Unknown_BY606-001R0011_bin.16.fa,97.6,0.98,33.33,2522931,88186,0.99939056
Unknown_BY606-001R0011_bin.28.fa,93.72,1.29,28.57,2908918,10814,0.98131675
Unknown_BY606-001R0011_bin.37.fa,95.43,0.56,0.0,2934034,63676,0.9962656666666666
Unknown_BY606-001R0011_bin.9.fa,98.87,1.45,0.0,3040846,55669,0.9934822857142857
Unknown_BY606-001R0012_bin.11.fa,91.85,2.25,100.0,1491553,106830,0.999602
Unknown_BY606-001R0012_bin.18.fa,97.6,2.3,40.0,1818944,35630,0.9700136666666667
Unknown_BY606-001R0012_bin.20.fa,87.0,0.78,50.0,2686038,15574,0.9868716666666666
Unknown_BY606-001R0012_bin.21.fa,89.25,1.88,44.44,2904375,27510,0.9928379090909093
Unknown_BY606-001R0012_bin.22.fa,94.01,1.95,40.0,2182353,6887,0.9852326000000001
Unknown_BY606-001R0012_bin.24.fa,85.73,0.91,33.33,1440814,10073,0.0
Unknown_BY606-001R0012_bin.25.fa,87.38,0.48,0.0,1990520,28858,0.9916626799999999
Unknown_BY606-001R0012_bin.26.fa,99.04,1.2,0.0,2710446,127582,0.99938024
Unknown_BY606-001R0012_bin.3.fa,91.99,1.12,0.0,1195237,14760,0.992817625
Unknown_BY606-001R0012_bin.30.fa,85.56,1.68,33.33,1230775,6858,0.0
Unknown_BY606-001R0012_bin.40.fa,99.31,3.45,0.0,2045594,11282,0.9964879999999999
Unknown_BY606-001R0012_bin.42.fa,96.15,0.2,0.0,3142634,11917,0.9708892727272727
Unknown_BY606-001R0012_bin.44.fa,89.01,0.25,0.0,876319,196219,0.9984931428571429
Unknown_BY606-001R0012_bin.46.fa,98.24,0.38,0.0,3523746,63496,0.9855229999999999
Unknown_BY606-001R0012_bin.51.fa,82.76,0.0,0.0,2798377,16810,0.9924531428571429
Unknown_BY606-001R0012_bin.52.fa,98.4,0.0,0.0,2569764,101473,0.9991192352941176
Unknown_BY606-001R0012_bin.6.fa,96.84,1.8,25.0,2883653,17692,0.994992
Unknown_BY606-001R0012_bin.7.fa,94.2,1.92,25.0,2238882,72695,0.991576125
Unknown_BY606-001R0012_bin.9.fa,96.59,1.27,14.29,3266813,62284,0.99541625
Unknown_BY606-001R0014_bin.11.fa,88.9,2.17,27.27,2732801,39717,0.995772125
Unknown_BY606-001R0014_bin.14.fa,95.0,0.95,50.0,2249911,39659,0.99611744
Unknown_BY606-001R0014_bin.22.fa,80.8,1.65,50.0,1367406,4293,0.9571886666666667
Unknown_BY606-001R0014_bin.26.fa,88.35,1.3,16.67,1311013,6819,0.9936322000000001
Unknown_BY606-001R0014_bin.27.fa,94.03,1.98,80.0,1820587,16005,0.99196525
Unknown_BY606-001R0014_bin.29.fa,96.27,1.22,50.0,2578251,20677,0.996311625
Unknown_BY606-001R0014_bin.3.fa,82.12,1.57,0.0,1659481,4163,0.9787206666666667
Unknown_BY606-001R0014_bin.32.fa,92.31,1.2,0.0,1636403,11656,0.9739536666666666
Unknown_BY606-001R0014_bin.44.fa,96.16,0.75,0.0,2838579,49255,0.0
Unknown_BY606-001R0014_bin.45.fa,98.56,1.49,16.67,2656909,94394,0.99930064
Unknown_BY606-001R0014_bin.46.fa,91.01,1.12,0.0,1973670,19657,0.9908277999999999
Unknown_BY606-001R0014_bin.47.fa,98.4,0.0,0.0,2551906,28456,0.9988432941176469
Unknown_BY606-001R0014_bin.50.fa,91.38,3.74,66.67,2472951,10175,0.9815118
Unknown_BY606-001R0014_bin.51.fa,85.71,0.0,0.0,844046,13530,0.9973931428571429
Unknown_BY606-001R0015_bin.11.fa,94.62,0.81,33.33,2816924,15318,0.9765220909090909
Unknown_BY606-001R0015_bin.12.fa,99.28,1.2,0.0,2656396,161890,0.99932568
Unknown_BY606-001R0015_bin.2.fa,85.93,4.08,56.52,1619970,6890,0.0
Unknown_BY606-001R0015_bin.21.fa,94.22,0.06,0.0,2679393,31767,0.9937488181818183
Unknown_BY606-001R0015_bin.33.fa,94.77,2.32,50.0,1521570,12011,0.9756213333333332
Unknown_BY606-001R0015_bin.34.fa,96.15,0.95,0.0,2599701,29247,0.9960195000000001
Unknown_BY606-001R0015_bin.38.fa,85.39,1.12,0.0,938851,22017,0.994484625
Unknown_BY606-001R0015_bin.43.fa,88.09,2.18,25.0,2258264,10826,0.0
Unknown_BY606-001R0015_bin.44.fa,98.42,3.57,11.11,1934085,14440,0.9852185
Unknown_BY606-001R0015_bin.50.fa,88.64,3.57,66.67,2178064,8929,0.9870126000000001
Unknown_BY606-001R0015_bin.53.fa,99.2,0.27,0.0,2550481,187539,0.9991328823529412
Unknown_BY606-001R0015_bin.54.fa,97.99,0.45,0.0,1859830,75312,0.99204675
Unknown_BY606-001R0015_bin.55.fa,86.06,3.38,7.69,2075488,30100,0.9955938799999999
Unknown_BY606-001R0015_bin.9.fa,95.57,2.07,50.0,2923387,13849,0.9847177500000001
Unknown_BY606-001R0016_bin.12.fa,87.31,1.7,33.33,2047406,8081,0.9874975000000001
Unknown_BY606-001R0016_bin.15.fa,80.94,0.75,50.0,2756268,75170,0.9774577142857142
Unknown_BY606-001R0016_bin.16.fa,93.04,3.69,12.5,2711753,10637,0.0
Unknown_BY606-001R0016_bin.22.fa,99.23,1.2,0.0,2593146,191033,0.99932972
Unknown_BY606-001R0016_bin.23.fa,88.77,0.69,100.0,2302598,5645,0.0
Unknown_BY606-001R0016_bin.28.fa,96.53,0.5,25.0,2343295,12171,0.990635
Unknown_BY606-001R0016_bin.29.fa,91.27,4.44,25.0,2601818,7281,0.9912666666666666
Unknown_BY606-001R0016_bin.35.fa,95.57,0.69,0.0,1375278,10347,0.9940380999999998
Unknown_BY606-001R0016_bin.4.fa,95.47,1.72,0.0,2303086,41559,0.9938971666666667
Unknown_BY606-001R0016_bin.45.fa,81.27,2.24,60.0,2742838,7879,0.98572675
Unknown_BY606-001R0016_bin.47.fa,83.37,4.14,36.36,1619000,6467,0.98344325
Unknown_BY606-001R0016_bin.51.fa,97.88,1.28,25.0,3208020,38853,0.9918906
Unknown_BY606-001R0016_bin.57.fa,98.4,1.6,0.0,2575425,53630,0.9989429411764706
Unknown_BY606-001R0016_bin.60.fa,93.68,2.82,60.0,2176441,19197,0.979771
Unknown_BY606-001R0016_bin.69.fa,95.87,1.52,20.0,2135242,13410,0.9957216000000001
Unknown_BY606-001R0016_bin.7.fa,90.44,1.94,12.5,2792468,18946,0.99236525
Unknown_BY606-001R0017_bin.22.fa,86.69,2.01,75.0,2124276,9580,0.0
Unknown_BY606-001R0017_bin.23.fa,95.97,0.67,50.0,1801440,18310,0.9836775
Unknown_BY606-001R0017_bin.28.fa,93.29,0.57,0.0,2841504,20683,0.9934051428571429
Unknown_BY606-001R0017_bin.29.fa,89.69,1.4,50.0,2329899,28264,0.999372
Unknown_BY606-001R0017_bin.33.fa,93.29,0.67,0.0,2627386,46851,0.0
Unknown_BY606-001R0017_bin.36.fa,94.94,0.0,0.0,1528546,135005,0.0
Unknown_BY606-001R0017_bin.4.fa,83.51,1.49,60.0,2544350,15423,0.9926076363636365
Unknown_BY606-001R0017_bin.41.fa,96.35,0.38,0.0,2670357,118595,0.9912545
Unknown_BY606-001R0017_bin.45.fa,91.19,0.0,0.0,2421122,79476,0.992158625
Unknown_BY606-001R0017_bin.48.fa,94.98,2.08,60.0,2198136,16895,0.984583
Unknown_BY606-001R0017_bin.5.fa,91.63,0.93,0.0,1780180,31776,0.0
Unknown_BY606-001R0017_bin.52.fa,90.21,1.01,50.0,1990902,25334,0.9813339999999999
Unknown_BY606-001R0017_bin.53.fa,92.14,0.95,0.0,2068438,46319,0.9959372000000001
Unknown_BY606-001R0017_bin.57.fa,93.74,0.84,100.0,2429414,70300,0.0
Unknown_BY606-001R0017_bin.6.fa,86.76,0.0,0.0,2085639,7942,0.9870582999999999
Unknown_BY606-001R0018_bin.12.fa,97.29,2.21,33.33,4884729,29024,0.99538925
Unknown_BY606-001R0018_bin.16.fa,97.6,1.44,33.33,2473690,162282,0.9992804000000001
Unknown_BY606-001R0018_bin.17.fa,96.67,0.59,100.0,2090598,12411,0.0
Unknown_BY606-001R0018_bin.2.fa,98.68,0.94,33.33,3039704,54841,0.9936682857142858
Unknown_BY606-001R0018_bin.23.fa,81.97,0.54,0.0,2289384,12702,0.0
Unknown_BY606-001R0018_bin.26.fa,99.2,0.85,50.0,2523614,118426,0.9991099411764706
Unknown_BY606-001R0018_bin.3.fa,89.08,3.85,33.33,2699090,9313,0.9906965000000001
Unknown_BY606-001R0018_bin.31.fa,90.97,1.45,25.0,2764237,11001,0.9759547272727273
Unknown_BY606-001R0018_bin.37.fa,95.91,3.77,0.0,2447269,6088,0.9886701999999999
Unknown_BY606-001R0019_bin.10.fa,96.17,0.51,0.0,2050841,13298,0.0
Unknown_BY606-001R0019_bin.15.fa,93.13,1.57,0.0,2038921,24830,0.9956955000000001
Unknown_BY606-001R0019_bin.19.fa,95.59,1.18,50.0,4680875,19467,0.9947575
Unknown_BY606-001R0019_bin.2.fa,88.43,0.43,50.0,892736,46723,0.9984155714285714
Unknown_BY606-001R0019_bin.21.fa,98.08,2.19,50.0,2499095,104171,0.9994538
Unknown_BY606-001R0019_bin.22.fa,80.42,0.56,0.0,2325021,76239,0.987362625
Unknown_BY606-001R0019_bin.23.fa,80.1,4.59,12.5,1606764,4778,0.9785984999999999
Unknown_BY606-001R0019_bin.25.fa,94.29,0.71,50.0,1887301,13920,0.99557788
Unknown_BY606-001R0019_bin.3.fa,86.4,0.0,0.0,2057498,141388,0.9988984705882352
Unknown_BY606-001R0020_bin.17.fa,86.52,1.12,0.0,1374700,32604,0.998543
Unknown_BY606-001R0020_bin.18.fa,96.64,0.74,50.0,3006732,43846,0.0
Unknown_BY606-001R0020_bin.22.fa,94.49,1.68,25.0,2466090,114441,0.9993934
Unknown_BY606-001R0020_bin.25.fa,92.29,2.12,22.22,3119111,26301,0.9781004999999999
Unknown_BY606-001R0020_bin.28.fa,81.95,1.65,0.0,2359307,6103,0.0
Unknown_BY606-001R0020_bin.29.fa,92.16,1.23,0.0,2780658,12734,0.0
Unknown_BY606-001R0020_bin.3.fa,98.04,0.48,0.0,2494870,130526,0.9988423333333333
Unknown_BY606-001R0020_bin.31.fa,97.99,1.34,33.33,1889395,62743,0.989261
Unknown_BY606-001R0020_bin.38.fa,96.31,1.63,50.0,1859933,26231,0.958776
Unknown_BY606-001R0020_bin.4.fa,94.81,2.38,0.0,2097114,46315,0.99180008
Unknown_BY606-001R0020_bin.41.fa,90.99,0.0,0.0,2680235,12324,0.9764410909090909
Unknown_BY606-001R0020_bin.5.fa,93.54,1.56,14.29,1421422,12499,0.9942196000000001
Unknown_BY606-001R0020_bin.51.fa,87.65,2.76,22.22,2097234,11168,0.990620125
Unknown_BY606-001R0021_bin.12.fa,94.01,0.0,0.0,1535250,108417,0.998682
Unknown_BY606-001R0021_bin.20.fa,93.94,1.44,50.0,1420597,35502,0.0
Unknown_BY606-001R0021_bin.21.fa,84.17,1.27,60.0,1921492,6952,0.98986
Unknown_BY606-001R0021_bin.22.fa,90.79,4.44,83.33,2383607,11896,0.99203675
Unknown_BY606-001R0021_bin.32.fa,93.18,0.02,0.0,1696903,43078,0.0
Unknown_BY606-001R0021_bin.33.fa,84.52,2.25,0.0,1315620,5390,0.9915077999999999
Unknown_BY606-001R0021_bin.37.fa,97.41,1.72,0.0,2476027,105534,0.9935878333333332
Unknown_BY606-001R0021_bin.38.fa,81.38,1.72,0.0,3074584,61759,0.995964
Unknown_BY606-001R0021_bin.43.fa,93.64,4.16,18.18,2872432,8036,0.9920663333333334
Unknown_BY606-001R0021_bin.7.fa,93.44,0.95,0.0,2186811,33082,0.9958918400000001
Unknown_BY606-001R0021_bin.8.fa,99.04,1.2,0.0,2640472,175275,0.99929456
Unknown_BY606-001R0022_bin.12.fa,93.26,1.12,0.0,1062835,18590,0.9954621250000001
Unknown_BY606-001R0022_bin.16.fa,95.75,0.0,0.0,2085559,40382,0.996984
Unknown_BY606-001R0022_bin.18.fa,80.4,1.92,16.67,2326792,8327,0.9898858
Unknown_BY606-001R0022_bin.20.fa,98.25,2.79,76.92,3320358,11938,0.9742216363636363
Unknown_BY606-001R0022_bin.21.fa,95.51,0.73,66.67,1748360,30758,0.99221125
Unknown_BY606-001R0022_bin.29.fa,91.5,0.75,0.0,2564208,10784,0.9868042857142857
Unknown_BY606-001R0022_bin.3.fa,89.71,3.52,8.33,2087277,13273,0.99569396
Unknown_BY606-001R0022_bin.36.fa,82.95,3.17,27.78,2879529,19052,0.9853685000000001
Unknown_BY606-001R0022_bin.40.fa,99.2,2.4,0.0,2853706,91179,0.9990286666666668
Unknown_BY606-001R0022_bin.43.fa,99.04,1.2,0.0,2663302,195333,0.9992732
Unknown_BY606-001R0022_bin.44.fa,93.34,1.07,22.22,2974324,79579,0.9902539999999999
Unknown_BY606-001R0022_bin.45.fa,96.67,0.48,0.0,2477958,39560,0.9926347499999999
Unknown_BY606-001R0022_bin.46.fa,97.94,0.94,50.0,1462856,30865,0.9948019
Unknown_BY606-001R0023_bin.1.fa,98.08,1.2,33.33,2543211,259838,0.9990711600000001
Unknown_BY606-001R0023_bin.10.fa,94.33,1.7,33.33,2488336,8861,0.997634
Unknown_BY606-001R0023_bin.12.fa,99.2,0.0,0.0,2564884,213917,0.9991688823529411
Unknown_BY606-001R0023_bin.5.fa,89.01,0.18,0.0,899969,61577,0.9989238571428573
Unknown_BY606-001R0023_bin.6.fa,88.24,2.16,31.58,2582879,7776,0.9900903333333333
Unknown_BY606-001R0024_bin.14.fa,99.04,0.48,0.0,2570304,268260,0.9985710000000001
Unknown_BY606-001R0024_bin.20.fa,90.27,0.0,0.0,1840297,28071,0.995417
Unknown_BY606-001R0024_bin.30.fa,94.08,1.05,50.0,1658579,24974,0.0
Unknown_BY606-001R0024_bin.31.fa,93.27,1.2,25.0,2175767,44853,0.9830791249999999
Unknown_BY606-001R0024_bin.33.fa,87.0,1.3,33.33,1280375,12505,0.0
Unknown_BY606-001R0024_bin.40.fa,96.29,3.46,16.67,1442731,11526,0.9936024
Unknown_BY606-001R0024_bin.42.fa,94.34,1.04,50.0,1943392,11411,0.9896524
Unknown_BY606-001R0024_bin.43.fa,95.75,0.67,100.0,2087082,37994,0.9970975
Unknown_BY606-001R0024_bin.44.fa,96.67,1.76,40.0,2601807,23420,0.996131125
Unknown_BY606-001R0024_bin.46.fa,97.38,1.34,16.67,2036941,14079,0.9961643333333333
Unknown_BY606-001R0024_bin.47.fa,92.51,1.73,33.33,2792643,9059,0.0
Unknown_BY606-001R0024_bin.51.fa,93.42,0.87,0.0,2930951,45140,0.9857773333333334
Unknown_BY606-001R0024_bin.55.fa,91.21,0.0,0.0,832830,9509,0.0
Unknown_BY606-001R0024_bin.7.fa,92.73,0.95,0.0,1971404,14238,0.9957501200000002
Unknown_BY606-001R0024_bin.8.fa,92.84,4.32,16.67,2694928,10843,0.9853642
Unknown_BY606-001R0025_bin.1.fa,96.15,1.4,50.0,1955641,121043,0.0
Unknown_BY606-001R0025_bin.28.fa,94.86,1.6,25.0,1814653,40003,0.0
Unknown_BY606-001R0025_bin.30.fa,89.05,3.03,22.22,2694141,10731,0.98332275
Unknown_BY606-001R0025_bin.36.fa,93.92,3.1,11.11,2121812,29210,0.9958385200000001
Unknown_BY606-001R0025_bin.38.fa,98.4,0.27,0.0,2583884,156652,0.9991228235294118
Unknown_BY606-001R0025_bin.39.fa,90.3,1.72,0.0,2360969,44560,0.9879461666666666
Unknown_BY606-001R0025_bin.4.fa,93.44,0.06,0.0,2910267,96817,0.9925927272727274
Unknown_BY606-001R0025_bin.42.fa,97.75,2.25,50.0,1974492,33446,0.9913542
Unknown_BY606-001R0025_bin.44.fa,90.13,0.39,0.0,2014139,13561,0.987751
Unknown_BY606-001R0025_bin.45.fa,85.77,3.09,25.0,934892,9227,0.99317575
Unknown_BY606-001R0025_bin.6.fa,82.93,0.0,0.0,813144,23343,0.9983597142857142
Unknown_BY606-001R0026_bin.10.fa,94.87,2.77,0.0,3339200,19966,0.98809525
Unknown_BY606-001R0026_bin.14.fa,95.67,0.48,0.0,2244064,75285,0.991547625
Unknown_BY606-001R0026_bin.17.fa,82.76,4.31,66.67,2903248,45827,0.973029
Unknown_BY606-001R0026_bin.19.fa,92.48,2.91,20.0,2052787,10036,0.978366
Unknown_BY606-001R0026_bin.23.fa,98.93,0.45,50.0,2535739,23949,0.9988824705882353
Unknown_BY606-001R0026_bin.24.fa,97.84,1.17,50.0,3077460,24637,0.979066
Unknown_BY606-001R0026_bin.26.fa,95.24,0.48,0.0,2131002,27742,0.99619508
Unknown_BY606-001R0026_bin.27.fa,98.03,2.64,14.29,2567709,98028,0.99915996
Unknown_BY606-001R0026_bin.28.fa,89.01,0.18,0.0,909835,197501,0.9986888571428573
Unknown_BY606-001R0026_bin.3.fa,95.44,1.12,60.0,2816800,33480,0.999523
Unknown_BY606-001R0026_bin.31.fa,95.04,0.89,50.0,2157274,22857,0.9901985
Unknown_BY606-001R0026_bin.32.fa,81.73,4.25,50.0,1511620,5851,0.97807
Unknown_BY606-001R0026_bin.33.fa,93.86,2.61,30.0,3796449,26724,0.9905522499999999
Unknown_BY606-001R0026_bin.35.fa,83.42,1.02,40.0,3329649,25915,0.961995
Unknown_BY606-001R0026_bin.43.fa,98.2,1.52,50.0,1818920,30087,0.9701406666666667
Unknown_BY606-001R0026_bin.47.fa,95.97,0.84,66.67,1660678,13771,0.0
Unknown_BY606-001R0026_bin.5.fa,82.34,0.22,100.0,1820727,28215,0.0
Unknown_BY606-001R0026_bin.51.fa,90.45,0.34,0.0,2294982,14242,0.0
Unknown_BY606-001R0026_bin.52.fa,87.88,0.77,0.0,2589753,12981,0.9913948000000001
Unknown_BY606-001R0026_bin.57.fa,81.91,3.57,16.67,1648748,4667,0.0
Unknown_BY606-001R0027_bin.10.fa,94.38,1.69,0.0,1035309,15583,0.994192875
Unknown_BY606-001R0027_bin.12.fa,86.7,3.29,83.33,2050216,7734,0.9878376
Unknown_BY606-001R0027_bin.15.fa,90.97,0.0,0.0,1522068,9321,0.0
Unknown_BY606-001R0027_bin.18.fa,88.49,0.24,0.0,1947335,10206,0.954573
Unknown_BY606-001R0027_bin.23.fa,96.42,2.45,25.0,2993661,26801,0.9932360000000001
Unknown_BY606-001R0027_bin.3.fa,93.56,0.95,33.33,1923550,27341,0.9920323600000001
Unknown_BY606-001R0027_bin.34.fa,95.86,3.62,25.0,3327966,9464,0.9723922727272729
Unknown_BY606-001R0027_bin.38.fa,82.93,2.59,50.0,2917422,17713,0.98882775
Unknown_BY606-001R0027_bin.39.fa,86.76,0.88,50.0,1431449,9716,0.0
Unknown_BY606-001R0027_bin.43.fa,93.63,2.5,37.5,1520595,7068,0.9702936666666667
Unknown_BY606-001R0027_bin.44.fa,96.58,0.37,0.0,2735834,50591,0.999371
Unknown_BY606-001R0027_bin.46.fa,94.27,1.6,25.0,2405059,137402,0.9994796000000001
Unknown_BY606-001R0027_bin.49.fa,93.83,2.01,0.0,2109761,14905,0.9739583333333334
Unknown_BY606-001R0027_bin.5.fa,97.38,0.69,33.33,1404602,27193,0.9953694000000001
Unknown_BY606-001R0027_bin.51.fa,97.47,2.24,16.67,2941816,64677,0.9934691818181818
Unknown_BY606-001R0027_bin.53.fa,95.32,0.91,0.0,2986844,17792,0.9782132000000001
Unknown_BY606-001R0027_bin.54.fa,93.01,2.37,20.0,2565382,17602,0.9962396666666665
Unknown_BY606-001R0027_bin.55.fa,92.86,1.85,50.0,1809919,17455,0.9991807500000001
Unknown_BY606-001R0027_bin.7.fa,99.2,0.67,100.0,2722736,38776,0.9991819999999999
Unknown_BY606-001R0028_bin.10.fa,92.38,1.88,0.0,2015519,18496,0.9957743600000001
Unknown_BY606-001R0028_bin.15.fa,90.48,1.75,0.0,2287145,13054,0.98787
Unknown_BY606-001R0028_bin.17.fa,83.37,2.46,40.0,1918018,5455,0.0
Unknown_BY606-001R0028_bin.2.fa,91.29,4.49,0.0,1131164,46490,0.9806
Unknown_BY606-001R0028_bin.20.fa,95.97,0.62,66.67,1888748,66108,0.9988427499999999
Unknown_BY606-001R0028_bin.27.fa,97.12,0.96,0.0,2378684,170164,0.99932108
Unknown_BY606-001R0028_bin.48.fa,96.2,1.74,40.0,1924179,10180,0.9851255
Unknown_BY606-001R0028_bin.54.fa,80.9,1.12,0.0,1329750,27192,0.999404
Unknown_BY606-001R0028_bin.55.fa,94.59,1.18,50.0,2804990,21700,0.995823
Unknown_BY606-001R0028_bin.59.fa,89.5,1.35,0.0,3039818,55575,0.9958161249999999
Unknown_BY606-001R0029_bin.10.fa,95.04,1.3,14.29,3107455,58301,0.99586325
Unknown_BY606-001R0029_bin.11.fa,92.88,1.24,0.0,1072830,12438,0.994343125
Unknown_BY606-001R0029_bin.15.fa,99.2,0.0,0.0,2521599,121593,0.9990677058823529
Unknown_BY606-001R0029_bin.19.fa,81.12,0.0,0.0,830689,19639,0.998925
Unknown_BY606-001R0029_bin.2.fa,95.75,0.95,0.0,2303281,47403,0.995718
Unknown_BY606-001R0029_bin.21.fa,97.38,1.17,0.0,1255338,31622,0.0
Unknown_BY606-001R0029_bin.29.fa,97.6,1.36,25.0,2570804,154892,0.9993938800000001
Unknown_BY606-001R0029_bin.35.fa,99.52,0.96,0.0,2096523,162417,0.997144
Unknown_BY606-001R0029_bin.36.fa,84.32,1.52,20.0,1757845,6068,0.9528983333333333
Unknown_BY606-001R0029_bin.41.fa,96.37,0.48,0.0,2287347,86033,0.0
Unknown_BY606-001R0029_bin.49.fa,89.01,0.28,0.0,873890,119385,0.9985147142857144
Unknown_BY606-001R0029_bin.56.fa,98.66,0.86,50.0,1897474,42223,0.9884044999999999
Unknown_BY606-001R0029_bin.60.fa,97.85,1.25,33.33,1447125,28286,0.9949718000000001
Unknown_BY606-001R0029_bin.61.fa,94.85,0.59,0.0,2849004,15390,0.9944152500000001
Unknown_BY606-001R0029_bin.65.fa,93.33,1.2,33.33,2357591,21455,0.999299
Unknown_BY606-001R0029_bin.66.fa,84.62,4.37,33.33,1714962,7198,0.0
Unknown_BY606-001R0029_bin.7.fa,95.41,1.23,33.33,2202618,19432,0.985819
Unknown_BY606-001R0030_bin.10.fa,97.99,0.34,0.0,1849960,154719,0.981908
Unknown_BY606-001R0030_bin.11.fa,96.4,0.34,100.0,1861862,44455,0.9815667499999999
Unknown_BY606-001R0030_bin.13.fa,96.5,1.72,0.0,2466983,79267,0.9935078333333335
Unknown_BY606-001R0030_bin.16.fa,88.69,1.18,0.0,3862282,7868,0.9943887499999999
Unknown_BY606-001R0030_bin.17.fa,94.63,0.67,100.0,2069357,71307,0.9525555
Unknown_BY606-001R0030_bin.19.fa,96.43,0.95,50.0,2242149,50404,0.9960577999999998
Unknown_BY606-001R0030_bin.28.fa,96.75,4.93,23.08,3389903,9952,0.9737568181818183
Unknown_BY606-001R0030_bin.3.fa,86.2,0.68,100.0,2282200,15893,0.9848442000000001
Unknown_BY606-001R0030_bin.36.fa,86.69,1.97,40.0,2382191,9699,0.9953633333333333
Unknown_BY606-001R0030_bin.37.fa,90.2,3.15,36.84,2606545,60290,0.988887
Unknown_BY606-001R0030_bin.43.fa,87.6,0.0,0.0,2293520,14201,0.9982343529411765
Unknown_BY606-001R0030_bin.5.fa,95.28,1.92,20.0,2490167,59475,0.9993360800000001
Unknown_BY606-001R0030_bin.7.fa,95.64,0.86,0.0,2240731,104947,0.9954237499999999
Unknown_BY606-001R0031_bin.1.fa,97.75,1.69,50.0,1993054,11650,0.9854725999999999
Unknown_BY606-001R0031_bin.11.fa,99.52,1.8,20.0,2555735,165516,0.9993251200000001
Unknown_BY606-001R0031_bin.12.fa,96.3,1.43,0.0,2150570,36048,0.9960881599999999
Unknown_BY606-001R0031_bin.19.fa,84.03,1.84,0.0,1227359,5331,0.9929967999999999
Unknown_BY606-001R0031_bin.3.fa,96.68,1.76,0.0,2291186,28602,0.991099875
Unknown_BY606-001R0032_bin.11.fa,92.76,0.8,33.33,1797352,8852,0.9973380000000001
Unknown_BY606-001R0032_bin.12.fa,82.7,1.01,50.0,2078697,5114,0.0
Unknown_BY606-001R0032_bin.2.fa,96.79,0.34,0.0,1799559,24355,0.984001
Unknown_BY606-001R0032_bin.28.fa,88.52,0.56,100.0,3469884,77311,0.0
Unknown_BY606-001R0032_bin.3.fa,90.64,2.58,36.36,2082715,37224,0.0
Unknown_BY606-001R0032_bin.31.fa,99.36,1.68,25.0,2605372,105917,0.99935136
Unknown_BY606-001R0032_bin.33.fa,88.33,1.4,20.0,1769771,10241,0.9729295
Unknown_BY606-001R0032_bin.34.fa,95.14,1.12,0.0,3399415,53291,0.0
Unknown_BY606-001R0032_bin.35.fa,93.26,1.12,0.0,1149996,30763,0.99388575
Unknown_BY606-001R0032_bin.37.fa,95.08,1.11,0.0,2084569,25669,0.99598432
Unknown_BY606-001R0032_bin.4.fa,99.15,1.67,50.0,2737699,30898,0.9993070000000001
Unknown_BY606-001R0032_bin.43.fa,98.58,1.89,0.0,2173348,13938,0.9917712
Unknown_BY606-001R0032_bin.45.fa,92.37,0.44,0.0,2873565,33762,0.9927232727272728
Unknown_BY606-001R0032_bin.46.fa,98.04,0.94,25.0,1444378,22752,0.9945096
Unknown_BY606-001R0032_bin.50.fa,85.1,1.87,100.0,2522050,5026,0.973206090909091
Unknown_BY606-001R0032_bin.6.fa,96.5,1.29,50.0,2259376,152297,0.9841485
Unknown_BY606-001R0032_bin.64.fa,89.52,1.7,33.33,2218729,11059,0.9853051
Unknown_BY606-001R0032_bin.7.fa,86.83,2.88,25.0,1947632,6261,0.990123875
Unknown_BY606-001R0032_bin.9.fa,98.66,0.0,0.0,1789400,130195,0.9815535
Unknown_BY606-001R0033_bin.10.fa,89.32,0.0,0.0,1500536,23509,0.0
Unknown_BY606-001R0033_bin.2.fa,94.76,2.14,0.0,2099731,27676,0.9959395999999999
Unknown_BY606-001R0033_bin.22.fa,99.13,1.2,0.0,2562591,99226,0.9994075600000001
Unknown_BY606-001R0033_bin.23.fa,97.65,1.1,33.33,1675921,25824,0.9687235
Unknown_BY606-001R0033_bin.26.fa,95.75,2.01,60.0,2090776,9600,0.973542
Unknown_BY606-001R0033_bin.27.fa,84.56,1.99,55.56,1392154,4383,0.9551563333333334
Unknown_BY606-001R0033_bin.28.fa,94.08,0.36,0.0,1913641,13458,0.9966633333333333
Unknown_BY606-001R0033_bin.32.fa,99.25,1.69,66.67,1471635,24096,0.9950606000000001
Unknown_BY606-001R0033_bin.33.fa,92.31,1.21,66.67,2572857,6392,0.9751035454545453
Unknown_BY606-001R0033_bin.34.fa,98.43,1.18,33.33,1516269,36987,0.0
Unknown_BY606-001R0033_bin.35.fa,88.98,3.37,20.0,2584104,11079,0.988054
Unknown_BY606-001R0033_bin.37.fa,95.19,0.78,0.0,3132031,32960,0.9915812
Unknown_BY606-001R0033_bin.39.fa,95.5,0.95,50.0,2686420,33790,0.9960945
Unknown_BY606-001R0033_bin.4.fa,97.6,0.0,0.0,2512275,49275,0.9989311764705882
Unknown_BY606-001R0033_bin.45.fa,90.05,2.81,20.0,2525164,5631,0.995121
Unknown_BY606-001R0033_bin.7.fa,91.76,2.16,0.0,2150655,14222,0.9887578333333332
Unknown_BY606-001R0034_bin.12.fa,96.72,0.75,50.0,3707924,31310,0.98626425
Unknown_BY606-001R0034_bin.13.fa,93.62,2.77,28.57,3465710,66883,0.981165
Unknown_BY606-001R0034_bin.14.fa,93.01,0.56,33.33,2833814,32047,0.9899151818181818
Unknown_BY606-001R0034_bin.16.fa,87.91,0.0,0.0,919298,58047,0.996963
Unknown_BY606-001R0034_bin.20.fa,94.65,0.59,0.0,2728568,30591,0.995178
Unknown_BY606-001R0034_bin.24.fa,99.2,0.0,0.0,2600192,603653,0.9991571764705881
Unknown_BY606-001R0034_bin.28.fa,97.26,1.54,0.0,3155787,16065,0.9912433999999999
Unknown_BY606-001R0034_bin.29.fa,93.35,0.96,0.0,2368482,132492,0.9993149199999999
Unknown_BY606-001R0034_bin.30.fa,95.55,4.09,50.0,2540112,248096,0.998473
Unknown_BY606-001R0034_bin.31.fa,94.27,4.03,34.78,2911477,50647,0.98911
Unknown_BY606-001R0034_bin.33.fa,88.4,1.06,75.0,2835758,54690,0.9965990000000001
Unknown_BY606-001R0034_bin.36.fa,85.09,3.44,20.0,1699249,5569,0.9850935000000001
Unknown_BY606-001R0034_bin.37.fa,92.17,4.76,20.0,2266239,8702,0.0
Unknown_BY606-001R0034_bin.4.fa,97.99,0.12,33.33,2001505,84605,0.9552885
Unknown_BY606-001R0034_bin.43.fa,86.95,1.61,42.86,2449643,5468,0.975369090909091
Unknown_BY606-001R0034_bin.6.fa,85.95,0.48,0.0,2097608,28888,0.99570816
Unknown_BY606-001R0035_bin.10.fa,85.03,1.57,33.33,1724620,5416,0.9777294999999999
Unknown_BY606-001R0035_bin.14.fa,96.47,2.13,53.85,3682917,41955,0.99081775
Unknown_BY606-001R0035_bin.15.fa,94.34,0.91,0.0,2126178,18288,0.0
Unknown_BY606-001R0035_bin.18.fa,89.62,0.0,0.0,1820475,5451,0.9895236000000001
Unknown_BY606-001R0035_bin.22.fa,99.2,4.4,0.0,3099029,75860,0.9988417647058823
Unknown_BY606-001R0035_bin.6.fa,92.94,3.11,38.46,1397301,11555,0.0
Unknown_BY606-001R0036_bin.16.fa,91.47,2.69,36.36,2224304,7903,0.994396
Unknown_BY606-001R0036_bin.19.fa,94.52,0.71,0.0,2157954,34161,0.99619812
Unknown_BY606-001R0036_bin.20.fa,95.67,3.1,66.67,3010495,34862,0.978932
Unknown_BY606-001R0036_bin.25.fa,94.81,0.0,0.0,2059806,12262,0.9899968000000001
Unknown_BY606-001R0036_bin.27.fa,95.26,2.87,36.36,3700569,66633,0.974269
Unknown_BY606-001R0036_bin.29.fa,93.98,1.43,40.0,3104657,59816,0.9962886666666666
Unknown_BY606-001R0036_bin.3.fa,92.16,1.68,66.67,1897122,12564,0.977773
Unknown_BY606-001R0036_bin.31.fa,94.91,0.94,33.33,2939854,51993,0.9934875714285714
Unknown_BY606-001R0036_bin.32.fa,96.43,4.65,0.0,3243411,56688,0.995963
Unknown_BY606-001R0036_bin.4.fa,95.97,0.0,0.0,2088054,255798,0.981406
Unknown_BY606-001R0036_bin.51.fa,94.56,0.68,100.0,2631587,39948,0.994032
Unknown_BY606-001R0036_bin.53.fa,99.04,1.2,0.0,2643098,137044,0.9992692799999999
Unknown_BY606-001R0036_bin.56.fa,97.11,1.22,66.67,2746558,10308,0.9927106666666666
Unknown_BY606-001R0036_bin.61.fa,95.01,4.44,42.11,4261621,21409,0.9860837499999999
Unknown_BY606-001R0037_bin.14.fa,89.17,0.84,33.33,1473302,12752,0.0
Unknown_BY606-001R0037_bin.6.fa,89.2,2.08,72.73,3073073,24272,0.960501
Unknown_BY606-001R0037_bin.8.fa,95.83,1.02,0.0,3302614,53370,0.98599025
